80064193.jpg,603 815 734 1108
852045FD.jpg,1771 1063 1907 1172
852045FD.jpg,1101 788 1240 904
852045FD.jpg,1235 426 1396 556
41D3CD1C.jpg,1801 989 1947 1100
41D3CD1C.jpg,2045 782 2184 898
41D3CD1C.jpg,2221 1336 2374 1465
41D3CD1C.jpg,1594 1724 1738 1849
41D3CD1C.jpg,1953 670 2091 788
41D3CD1C.jpg,1559 395 1709 516
41D3CD1C.jpg,1072 1232 1215 1359
41D3CD1C.jpg,1984 1276 2115 1375
41D3CD1C.jpg,1603 1338 1736 1456
41D3CD1C.jpg,1311 1165 1461 1292
54EB6CF7.jpg,1496 1168 1625 1285
54EB6CF7.jpg,1693 818 1842 941
54EB6CF7.jpg,1531 532 1670 657
54EB6CF7.jpg,1562 811 1707 941
54EB6CF7.jpg,898 1269 1034 1395
54EB6CF7.jpg,1775 1201 1899 1319
54EB6CF7.jpg,398 747 534 864
54EB6CF7.jpg,1565 1060 1691 1179
54EB6CF7.jpg,1101 850 1237 969
54EB6CF7.jpg,1627 948 1766 1067
54EB6CF7.jpg,1352 887 1495 1015
54EB6CF7.jpg,1839 707 1982 828
54EB6CF7.jpg,1201 354 1352 480
54EB6CF7.jpg,825 1443 975 1571
54EB6CF7.jpg,1175 1240 1314 1361
54EB6CF7.jpg,1551 1304 1694 1421
54EB6CF7.jpg,1137 465 1287 592
54EB6CF7.jpg,587 538 722 651
54EB6CF7.jpg,1417 1305 1569 1434
C21EF020.jpg,810 1540 928 1642
C21EF020.jpg,1224 1474 1375 1589
C21EF020.jpg,646 1229 766 1330
C21EF020.jpg,819 1642 936 1739
A8586E98.jpg,803 596 939 894
A8586E98.jpg,679 250 811 544
A8586E98.jpg,1507 168 1645 466
A8586E98.jpg,1910 1275 2048 1398
A8586E98.jpg,1239 393 1374 690
A8586E98.jpg,1156 1585 1289 1888
A8586E98.jpg,875 251 1019 562
97A3DBF0.jpg,336 363 470 480
97A3DBF0.jpg,1914 650 2052 760
97A3DBF0.jpg,1251 1420 1380 1514
97A3DBF0.jpg,905 752 1023 855
97A3DBF0.jpg,2127 858 2265 971
97A3DBF0.jpg,615 893 752 1010
97A3DBF0.jpg,364 504 499 612
97A3DBF0.jpg,2223 707 2368 825
4EB7E052.jpg,2220 799 2350 1104
4EB7E052.jpg,1100 178 1231 455
4EB7E052.jpg,2013 539 2139 807
986B6C2D.jpg,1061 322 1214 438
7F3081F5.jpg,1090 1434 1228 1756
7F3081F5.jpg,1301 1450 1430 1742
7F3081F5.jpg,1239 1308 1361 1573
BAEF62EA.jpg,252 528 386 824
BAEF62EA.jpg,1243 1234 1390 1363
1F2EEB22.jpg,1918 607 2044 720
1F2EEB22.jpg,820 853 968 974
1F2EEB22.jpg,1210 639 1338 759
519C12BD.jpg,1270 721 1350 830
18E7A17F.jpg,1459 606 1598 728
18E7A17F.jpg,1526 1240 1662 1345
2AB7B3C1.jpg,688 1311 811 1416
2AB7B3C1.jpg,1141 1167 1278 1289
2AB7B3C1.jpg,1000 922 1141 1038
2AB7B3C1.jpg,1457 854 1594 975
2AB7B3C1.jpg,367 1133 499 1246
2AB7B3C1.jpg,1523 1241 1664 1356
2AB7B3C1.jpg,1557 1027 1695 1145
2AB7B3C1.jpg,1518 671 1663 796
2AB7B3C1.jpg,447 1205 578 1312
2AB7B3C1.jpg,897 814 1038 939
2AB7B3C1.jpg,1809 991 1938 1109
2AB7B3C1.jpg,1426 1023 1563 1150
2AB7B3C1.jpg,1173 854 1304 972
2AB7B3C1.jpg,1378 632 1525 748
2AB7B3C1.jpg,1132 708 1271 822
2AB7B3C1.jpg,1250 1514 1389 1643
2AB7B3C1.jpg,1570 784 1704 910
2AB7B3C1.jpg,688 1658 824 1763
2AB7B3C1.jpg,995 711 1130 829
2AB7B3C1.jpg,1275 785 1416 906
2AB7B3C1.jpg,712 995 852 1115
2AB7B3C1.jpg,1876 708 2016 834
F978CA82.jpg,1770 818 1916 939
F978CA82.jpg,1670 930 1809 1044
F978CA82.jpg,1062 858 1204 971
F978CA82.jpg,1081 1174 1208 1272
F978CA82.jpg,1452 746 1609 868
A801FAB0.jpg,2118 1456 2198 1559
9B3C50E8.jpg,1428 1105 1559 1202
75B9C4D4.jpg,1739 989 1870 1098
75B9C4D4.jpg,1521 607 1662 720
75B9C4D4.jpg,1658 604 1808 730
75B9C4D4.jpg,2088 884 2223 1008
75B9C4D4.jpg,1392 1066 1521 1182
75B9C4D4.jpg,722 1242 858 1361
75B9C4D4.jpg,1216 918 1349 1028
75B9C4D4.jpg,1244 567 1392 696
75B9C4D4.jpg,1920 1096 2053 1220
75B9C4D4.jpg,503 883 643 1002
75B9C4D4.jpg,726 1021 863 1135
75B9C4D4.jpg,1153 813 1280 933
75B9C4D4.jpg,1389 600 1532 730
75B9C4D4.jpg,782 1131 934 1258
FF5AE15C.jpg,405 1010 538 1303
FF5AE15C.jpg,486 870 610 1151
FF5AE15C.jpg,489 1177 640 1312
FF5AE15C.jpg,621 583 746 870
FF5AE15C.jpg,205 1079 329 1351
FF5AE15C.jpg,968 1632 1099 1914
FF5AE15C.jpg,1083 1213 1235 1349
FF5AE15C.jpg,837 1456 982 1584
453A0B57.jpg,1713 811 1853 1119
453A0B57.jpg,686 1412 827 1538
453A0B57.jpg,1629 1554 1779 1679
453A0B57.jpg,1992 1513 2124 1816
4761E10A.jpg,1388 1240 1521 1353
4761E10A.jpg,1029 813 1182 939
4761E10A.jpg,572 810 716 925
4761E10A.jpg,905 783 1039 902
4761E10A.jpg,1452 637 1600 764
4761E10A.jpg,753 961 894 1083
4761E10A.jpg,965 918 1094 1032
48BD440A.jpg,1243 671 1388 803
A0BD7F24.jpg,1883 1483 2014 1595
A0BD7F24.jpg,925 1630 1061 1737
A0BD7F24.jpg,1595 890 1727 1009
A0BD7F24.jpg,1445 157 1576 483
A0BD7F24.jpg,1150 1487 1272 1592
A0BD7F24.jpg,1030 536 1172 647
A0BD7F24.jpg,1844 1198 1985 1321
A0BD7F24.jpg,1456 893 1604 1009
A0BD7F24.jpg,1111 1343 1235 1452
A0BD7F24.jpg,1591 747 1740 872
A0BD7F24.jpg,678 1345 826 1463
A0BD7F24.jpg,869 1735 991 1839
A0BD7F24.jpg,577 996 721 1110
A0BD7F24.jpg,994 887 1140 1010
EAEBF02C.jpg,2294 1221 2427 1517
D5A3D27C.jpg,1522 1235 1669 1359
D5A3D27C.jpg,1838 1310 1980 1429
D5A3D27C.jpg,1628 1135 1770 1256
D5A3D27C.jpg,1482 1134 1627 1252
AD393334.jpg,1178 1165 1317 1283
AD393334.jpg,1205 290 1351 414
AD393334.jpg,1066 745 1204 853
AD393334.jpg,1277 820 1428 936
AD393334.jpg,1037 466 1177 589
5DD87A03.jpg,388 1581 518 1879
5DD87A03.jpg,250 879 382 1186
5DD87A03.jpg,673 1355 809 1659
5DD87A03.jpg,1863 527 2000 827
5DD87A03.jpg,1435 1429 1572 1739
5DD87A03.jpg,452 1369 592 1680
5DD87A03.jpg,749 455 883 774
37F338B5.jpg,1248 997 1368 1099
37F338B5.jpg,1850 959 1979 1063
37F338B5.jpg,581 1067 712 1178
37F338B5.jpg,1782 856 1912 968
37F338B5.jpg,971 995 1097 1099
37F338B5.jpg,1849 1064 1975 1176
37F338B5.jpg,830 1203 951 1309
37F338B5.jpg,762 994 888 1097
37F338B5.jpg,1812 754 1942 865
37F338B5.jpg,1431 1068 1557 1184
37F338B5.jpg,861 1058 992 1164
37F338B5.jpg,1705 953 1839 1058
37F338B5.jpg,1361 993 1484 1091
E24C1B5C.jpg,1246 401 1391 520
E24C1B5C.jpg,1328 502 1459 619
E24C1B5C.jpg,1317 181 1441 457
5A775A37.jpg,1767 714 1915 827
3D171FE7.jpg,600 1227 734 1516
3D171FE7.jpg,1099 538 1236 840
3D171FE7.jpg,2016 809 2146 1096
3D171FE7.jpg,1594 234 1727 551
3D171FE7.jpg,1221 1074 1363 1410
87256772.jpg,753 641 902 767
87256772.jpg,625 1163 755 1273
87256772.jpg,505 1133 636 1242
87256772.jpg,1075 926 1197 1030
87256772.jpg,937 861 1071 974
87256772.jpg,1107 1031 1244 1151
87256772.jpg,857 996 985 1103
87256772.jpg,610 1517 763 1644
87256772.jpg,858 1100 1003 1220
7DC09A85.jpg,947 1370 1086 1677
1C8576CB.jpg,1448 804 1579 1101
1C8576CB.jpg,225 1197 373 1324
1C8576CB.jpg,1935 1280 2070 1601
07AEAA7B.jpg,941 786 1066 894
07AEAA7B.jpg,1944 505 2080 620
07AEAA7B.jpg,513 426 650 555
07AEAA7B.jpg,883 595 1015 897
07AEAA7B.jpg,1800 570 1939 679
07AEAA7B.jpg,1248 743 1372 854
07AEAA7B.jpg,1010 674 1140 799
07AEAA7B.jpg,677 672 826 793
07AEAA7B.jpg,649 323 783 446
07AEAA7B.jpg,900 1553 1036 1668
07AEAA7B.jpg,1449 573 1594 693
07AEAA7B.jpg,1920 751 2047 856
40568A0C.jpg,1733 827 1883 932
6CF9B11C.jpg,1000 932 1133 1041
5B10659E.jpg,1560 783 1700 898
5B10659E.jpg,1355 567 1487 683
5B10659E.jpg,551 1203 684 1308
5B10659E.jpg,1636 892 1769 1002
5B10659E.jpg,1949 1135 2088 1255
5B10659E.jpg,664 887 786 998
5B10659E.jpg,1138 254 1280 375
5B10659E.jpg,1174 1726 1310 1845
5B10659E.jpg,1097 750 1238 864
5B10659E.jpg,1626 433 1761 549
5B10659E.jpg,1047 1557 1167 1666
5B10659E.jpg,1498 887 1624 994
5B10659E.jpg,765 221 896 340
5B10659E.jpg,714 777 852 893
5B10659E.jpg,1869 715 2010 835
5B10659E.jpg,1775 1243 1903 1342
5B10659E.jpg,2055 850 2197 959
AD459A0A.jpg,1526 1414 1658 1522
AD459A0A.jpg,1245 1204 1376 1320
AD459A0A.jpg,1360 851 1491 969
AD459A0A.jpg,1074 643 1194 756
AD459A0A.jpg,1185 1316 1313 1422
AD459A0A.jpg,641 1346 791 1463
AD459A0A.jpg,1880 894 2018 1007
AD459A0A.jpg,853 606 1007 734
AD459A0A.jpg,1011 1482 1140 1589
60DF6A8A.jpg,1880 715 2005 820
60DF6A8A.jpg,824 675 960 786
60DF6A8A.jpg,1181 717 1299 822
60DF6A8A.jpg,1520 1241 1654 1349
60DF6A8A.jpg,1221 543 1346 660
60DF6A8A.jpg,902 1105 1025 1215
60DF6A8A.jpg,1532 644 1648 745
60DF6A8A.jpg,1047 676 1177 790
60DF6A8A.jpg,891 994 1019 1102
60DF6A8A.jpg,1984 892 2118 1007
60DF6A8A.jpg,1436 1101 1558 1212
08B8C2A8.jpg,1109 682 1243 794
08B8C2A8.jpg,1041 569 1176 686
08B8C2A8.jpg,1216 751 1350 857
08B8C2A8.jpg,339 1235 472 1352
08B8C2A8.jpg,859 1621 987 1735
08B8C2A8.jpg,645 754 782 865
08B8C2A8.jpg,293 853 434 958
08B8C2A8.jpg,687 887 827 1011
08B8C2A8.jpg,512 1064 652 1176
E3926776.jpg,1319 1022 1455 1140
2724696C.jpg,902 1243 1031 1354
2724696C.jpg,1393 1171 1526 1283
5F9F19D6.jpg,1239 850 1378 966
5F9F19D6.jpg,1634 395 1778 516
5F9F19D6.jpg,1497 429 1632 544
5F9F19D6.jpg,1139 1522 1279 1646
5F9F19D6.jpg,1321 601 1453 713
1DC2FAE9.jpg,1164 666 1299 963
1DC2FAE9.jpg,1489 1162 1636 1286
1DC2FAE9.jpg,1236 1022 1391 1143
DF446202.jpg,407 991 543 1106
DF446202.jpg,2094 791 2228 902
DF446202.jpg,1777 433 1912 555
849BF260.jpg,1180 649 1309 761
858087CB.jpg,393 387 525 684
0C006B5C.jpg,2259 961 2401 1077
0C006B5C.jpg,2263 854 2403 973
0C006B5C.jpg,1559 817 1698 937
0C006B5C.jpg,1877 996 2021 1115
0C006B5C.jpg,1101 460 1248 580
0C006B5C.jpg,1421 887 1556 1007
0C006B5C.jpg,1802 396 1950 518
0C006B5C.jpg,1742 1104 1876 1219
0C006B5C.jpg,1631 1062 1768 1172
0C006B5C.jpg,2090 1101 2217 1211
0C006B5C.jpg,1324 990 1457 1101
0C006B5C.jpg,1531 1491 1653 1591
0C006B5C.jpg,1981 1341 2114 1444
0C006B5C.jpg,1102 1346 1250 1463
0C006B5C.jpg,1628 713 1773 836
0C006B5C.jpg,571 1555 720 1674
0C006B5C.jpg,1242 1347 1370 1443
0C006B5C.jpg,1882 608 2018 732
0C006B5C.jpg,2019 569 2166 691
0C006B5C.jpg,1423 1728 1555 1830
0C006B5C.jpg,526 1313 662 1595
C120F503.jpg,974 858 1106 974
C120F503.jpg,1212 1521 1343 1638
C120F503.jpg,1042 1207 1167 1319
C120F503.jpg,965 1763 1095 1881
E4A3F036.jpg,998 1135 1142 1252
E4A3F036.jpg,1006 1247 1130 1350
E4A3F036.jpg,1073 604 1214 725
E4A3F036.jpg,1460 1491 1584 1597
E4A3F036.jpg,1534 1381 1667 1492
E4A3F036.jpg,867 746 1004 866
E4A3F036.jpg,1558 753 1696 861
E4A3F036.jpg,757 814 897 943
E4A3F036.jpg,795 991 930 1115
4D33A989.jpg,723 1312 859 1426
4D33A989.jpg,1463 1207 1590 1328
4D33A989.jpg,1110 1136 1241 1255
4D33A989.jpg,1390 538 1520 651
4D33A989.jpg,1309 847 1452 964
4D33A989.jpg,1393 677 1512 790
4D33A989.jpg,1384 1128 1516 1244
4D33A989.jpg,1555 1128 1693 1247
4D33A989.jpg,1462 326 1597 445
D3ABDBF0.jpg,1434 452 1574 760
D3ABDBF0.jpg,596 323 727 624
D3ABDBF0.jpg,1225 529 1365 836
4ED33548.jpg,1356 720 1473 823
4ED33548.jpg,1597 1002 1723 1104
C7EB540E.jpg,1739 1096 1869 1207
C7EB540E.jpg,1875 990 2017 1109
C7EB540E.jpg,2258 849 2401 962
C7EB540E.jpg,1320 602 1456 724
C7EB540E.jpg,967 643 1105 761
C7EB540E.jpg,1633 711 1769 831
C7EB540E.jpg,2256 956 2399 1069
C7EB540E.jpg,1212 1200 1348 1315
C7EB540E.jpg,1881 600 2017 724
C7EB540E.jpg,440 783 577 900
C7EB540E.jpg,333 1517 470 1629
C7EB540E.jpg,527 1305 661 1590
C7EB540E.jpg,1426 1028 1554 1148
C7EB540E.jpg,755 1026 901 1151
C7EB540E.jpg,1873 1418 2003 1531
C7EB540E.jpg,499 1407 653 1532
C7EB540E.jpg,1554 812 1694 925
C7EB540E.jpg,1496 1563 1632 1672
C7EB540E.jpg,1100 1344 1241 1449
C7EB540E.jpg,1220 1694 1343 1806
C7EB540E.jpg,1100 428 1252 560
D350E678.jpg,432 1024 579 1147
D350E678.jpg,1994 1063 2120 1175
D350E678.jpg,1484 916 1634 1041
D350E678.jpg,1802 916 1947 1047
173D5812.jpg,1498 1133 1625 1246
B80FC45E.jpg,1986 1167 2116 1286
B80FC45E.jpg,529 1093 661 1376
B80FC45E.jpg,1424 637 1563 765
B80FC45E.jpg,875 1502 1024 1830
B80FC45E.jpg,2090 916 2230 1033
B80FC45E.jpg,2051 816 2181 931
B80FC45E.jpg,1198 598 1354 719
B80FC45E.jpg,857 740 994 864
BF1D559C.jpg,604 515 740 823
BF1D559C.jpg,1365 936 1508 1268
BF1D559C.jpg,1794 387 1931 682
6E003C75.jpg,1247 612 1379 713
A79DDB38.jpg,1528 679 1664 793
A79DDB38.jpg,1389 683 1514 795
A79DDB38.jpg,1036 1101 1160 1204
A79DDB38.jpg,1245 1035 1369 1136
A79DDB38.jpg,1956 819 2076 918
A79DDB38.jpg,1324 817 1446 922
A79DDB38.jpg,579 715 713 826
A79DDB38.jpg,797 1314 920 1425
A79DDB38.jpg,931 850 1064 958
A79DDB38.jpg,1110 898 1246 1001
A79DDB38.jpg,1871 751 2004 855
A79DDB38.jpg,799 1099 921 1201
A79DDB38.jpg,1451 784 1580 895
A79DDB38.jpg,1820 849 1947 961
A79DDB38.jpg,911 1066 1032 1174
A79DDB38.jpg,800 1204 922 1303
A79DDB38.jpg,516 790 635 888
A79DDB38.jpg,1116 1455 1246 1575
A79DDB38.jpg,1402 1033 1521 1141
A79DDB38.jpg,1709 1003 1836 1116
CFA330C7.jpg,928 466 1070 590
CFA330C7.jpg,1563 854 1702 977
CFA330C7.jpg,858 779 1001 896
CFA330C7.jpg,1423 922 1564 1046
CFA330C7.jpg,1245 1381 1374 1480
CFA330C7.jpg,1311 503 1449 611
CFA330C7.jpg,1210 1101 1350 1219
CFA330C7.jpg,1983 1376 2115 1481
CFA330C7.jpg,578 1589 721 1709
CFA330C7.jpg,1533 1525 1660 1630
CFA330C7.jpg,1632 1097 1773 1212
CFA330C7.jpg,2097 923 2224 1031
CFA330C7.jpg,2261 1000 2405 1115
CFA330C7.jpg,1416 781 1553 900
CFA330C7.jpg,646 1027 773 1143
CFA330C7.jpg,2265 893 2407 1012
CFA330C7.jpg,786 1209 915 1318
CFA330C7.jpg,1880 1033 2022 1152
CFA330C7.jpg,511 639 653 764
CFA330C7.jpg,1763 711 1912 829
CFA330C7.jpg,1426 1763 1560 1868
CFA330C7.jpg,2096 1135 2223 1249
CFA330C7.jpg,679 1273 812 1385
CFA330C7.jpg,538 1374 666 1647
F5C8E123.jpg,1840 506 1972 615
2AAD601B.jpg,1636 745 1765 866
2AAD601B.jpg,1557 538 1696 651
2AAD601B.jpg,1985 818 2116 930
2AAD601B.jpg,1498 400 1627 518
2AAD601B.jpg,758 819 894 940
2AAD601B.jpg,970 673 1106 794
2AAD601B.jpg,1387 1178 1514 1285
2AAD601B.jpg,1106 889 1234 1005
2AAD601B.jpg,592 1231 731 1516
2AAD601B.jpg,1290 541 1412 651
2AAD601B.jpg,650 747 788 867
2AAD601B.jpg,1112 1282 1232 1384
2AAD601B.jpg,1870 1098 2013 1212
2AAD601B.jpg,552 1000 690 1112
2AAD601B.jpg,224 887 363 1005
2AAD601B.jpg,1705 508 1841 624
2AAD601B.jpg,1362 894 1487 1009
2AAD601B.jpg,958 1098 1101 1221
2AAD601B.jpg,1634 1075 1763 1175
2AAD601B.jpg,1373 458 1532 584
1145E0D6.jpg,584 717 708 822
1145E0D6.jpg,1671 577 1816 690
726EED07.jpg,1298 1010 1434 1340
726EED07.jpg,1238 522 1367 820
726EED07.jpg,885 375 1024 679
726EED07.jpg,743 1437 874 1734
726EED07.jpg,996 1132 1147 1252
726EED07.jpg,1868 590 2003 879
726EED07.jpg,1154 318 1287 614
4C0544F8.jpg,802 591 940 902
4C0544F8.jpg,1021 1506 1158 1824
4C0544F8.jpg,1594 668 1719 962
4C0544F8.jpg,1446 590 1580 877
4C0544F8.jpg,1724 1026 1858 1310
B774960D.jpg,1523 1205 1666 1322
B774960D.jpg,1557 987 1698 1109
B774960D.jpg,1410 954 1561 1076
B774960D.jpg,1466 1068 1592 1183
B774960D.jpg,990 812 1145 933
B774960D.jpg,578 855 706 972
B774960D.jpg,758 998 888 1115
B774960D.jpg,1947 916 2090 1044
B774960D.jpg,2017 1134 2158 1258
B774960D.jpg,855 1307 989 1426
B774960D.jpg,1355 1097 1484 1220
B774960D.jpg,822 681 963 798
B774960D.jpg,973 1237 1104 1359
B774960D.jpg,1668 1208 1806 1327
B774960D.jpg,1419 711 1551 833
B774960D.jpg,921 1517 1067 1635
B774960D.jpg,1249 577 1380 690
B774960D.jpg,653 1231 793 1344
B774960D.jpg,1170 459 1318 589
B774960D.jpg,1032 430 1182 549
B774960D.jpg,1240 1030 1385 1150
B774960D.jpg,1849 1130 1976 1243
B774960D.jpg,1950 784 2088 903
B774960D.jpg,1665 785 1818 910
C8C7FCDD.jpg,1347 1423 1488 1524
539DB34A.jpg,1784 1150 1928 1473
539DB34A.jpg,547 996 668 1101
58C5D113.jpg,1072 636 1210 759
58C5D113.jpg,1354 705 1492 831
58C5D113.jpg,1246 917 1385 1039
58C5D113.jpg,1943 951 2093 1080
58C5D113.jpg,1706 712 1841 835
58C5D113.jpg,1699 853 1830 969
58C5D113.jpg,1522 396 1661 517
58C5D113.jpg,398 389 528 675
58C5D113.jpg,1504 1504 1640 1828
58C5D113.jpg,1462 814 1598 930
58C5D113.jpg,1247 783 1384 904
58C5D113.jpg,1463 1411 1601 1536
58C5D113.jpg,1836 740 1981 856
58C5D113.jpg,1806 608 1947 732
58C5D113.jpg,1282 1034 1409 1147
58C5D113.jpg,967 715 1104 836
58C5D113.jpg,784 1033 920 1143
58C5D113.jpg,713 431 852 552
58C5D113.jpg,647 1094 795 1223
58C5D113.jpg,1622 607 1762 724
58C5D113.jpg,965 1346 1102 1454
58C5D113.jpg,2057 720 2196 833
58C5D113.jpg,1520 172 1651 461
58C5D113.jpg,1026 985 1174 1097
58C5D113.jpg,682 1238 827 1363
58C5D113.jpg,1444 1298 1608 1423
58C5D113.jpg,1209 1550 1342 1669
58C5D113.jpg,1377 575 1516 692
58C5D113.jpg,896 964 1042 1081
58C5D113.jpg,1218 1237 1348 1347
99EA2262.jpg,433 1237 569 1349
99EA2262.jpg,335 1100 476 1219
99EA2262.jpg,534 889 677 1004
F828A6F9.jpg,1301 376 1437 688
F828A6F9.jpg,609 1057 760 1181
FC2EFFF2.jpg,648 743 790 866
B1983035.jpg,1283 995 1409 1103
B1983035.jpg,1737 497 1884 624
B1983035.jpg,1598 745 1725 859
B1983035.jpg,1669 609 1808 729
B1983035.jpg,1104 286 1241 410
B1983035.jpg,1730 748 1866 868
82E41A6B.jpg,1804 1415 1942 1528
82E41A6B.jpg,968 1210 1098 1315
82E41A6B.jpg,1606 577 1732 687
82E41A6B.jpg,1424 1239 1558 1348
82E41A6B.jpg,1706 678 1843 799
82E41A6B.jpg,1349 791 1478 898
930C5192.jpg,811 743 940 1029
A2EB0DAD.jpg,1211 371 1337 461
C8C4EACD.jpg,1629 920 1779 1045
C8C4EACD.jpg,650 1315 795 1433
C8C4EACD.jpg,1115 1065 1245 1169
C8C4EACD.jpg,798 1070 927 1181
C8C4EACD.jpg,1742 745 1883 869
C8C4EACD.jpg,965 1244 1090 1346
C8C4EACD.jpg,1419 539 1553 654
C8C4EACD.jpg,477 1205 603 1307
C8C4EACD.jpg,1467 1282 1590 1384
C8C4EACD.jpg,1217 1133 1359 1252
C8C4EACD.jpg,1401 824 1526 927
7C215DEF.jpg,1164 878 1298 1182
7C215DEF.jpg,1363 449 1507 795
7C215DEF.jpg,1372 795 1512 1098
EBA961BC.jpg,586 958 717 1078
EBA961BC.jpg,713 1028 860 1140
CCFE2C79.jpg,955 801 1094 1107
CCFE2C79.jpg,1573 383 1714 704
CCFE2C79.jpg,528 456 665 764
F40F7D96.jpg,1807 1205 1948 1325
F40F7D96.jpg,1225 517 1363 838
F40F7D96.jpg,1438 530 1565 813
F40F7D96.jpg,1882 530 2003 807
4022117F.jpg,1375 1172 1507 1445
4022117F.jpg,816 463 948 753
BC4175E1.jpg,1455 243 1582 542
BC4175E1.jpg,1805 948 1934 1229
BC4175E1.jpg,1650 473 1792 773
BC4175E1.jpg,1231 538 1369 848
BC4175E1.jpg,1723 735 1858 1035
BC4175E1.jpg,1224 748 1357 1035
16FBF0A1.jpg,1947 928 2081 1044
16FBF0A1.jpg,2008 666 2135 959
1F5A54DB.jpg,1250 927 1377 1036
1F5A54DB.jpg,1523 1100 1653 1205
1F5A54DB.jpg,1466 855 1589 966
1F5A54DB.jpg,1000 780 1140 896
1F5A54DB.jpg,1736 711 1875 821
1F5A54DB.jpg,1077 1033 1198 1130
1F5A54DB.jpg,1319 649 1445 755
1F5A54DB.jpg,1451 1420 1583 1527
1F5A54DB.jpg,1568 644 1694 751
1F5A54DB.jpg,1776 502 1904 606
1F5A54DB.jpg,1250 1272 1370 1385
1F5A54DB.jpg,1138 470 1281 588
1F5A54DB.jpg,724 751 856 871
1F5A54DB.jpg,1042 1316 1161 1415
1F5A54DB.jpg,1603 1025 1730 1127
9387B69A.jpg,1208 506 1335 611
9387B69A.jpg,1111 578 1228 678
9387B69A.jpg,2120 960 2259 1077
9387B69A.jpg,1076 460 1206 578
9387B69A.jpg,2022 788 2143 891
9387B69A.jpg,1177 1099 1305 1197
9387B69A.jpg,1384 365 1514 474
9387B69A.jpg,1070 1380 1197 1477
9387B69A.jpg,622 1000 749 1113
9387B69A.jpg,1105 1277 1230 1373
9387B69A.jpg,760 1071 891 1182
ABBA699C.jpg,2013 779 2157 899
ABBA699C.jpg,1104 674 1251 800
ABBA699C.jpg,1850 1343 1984 1468
ABBA699C.jpg,644 1341 776 1454
ABBA699C.jpg,1066 1590 1202 1709
ABBA699C.jpg,1730 701 1883 828
ABBA699C.jpg,1373 595 1533 720
ABBA699C.jpg,648 1475 786 1606
ABBA699C.jpg,1100 1055 1250 1184
ABBA699C.jpg,1837 1233 1984 1352
ABBA699C.jpg,1558 1377 1706 1502
ABBA699C.jpg,607 878 752 1003
ABBA699C.jpg,1588 771 1733 903
ABBA699C.jpg,1525 633 1675 768
ABBA699C.jpg,1770 845 1915 977
ABBA699C.jpg,1413 714 1553 834
ABBA699C.jpg,1634 911 1779 1040
8908ADE6.jpg,1931 1007 2070 1338
8908ADE6.jpg,953 734 1085 1041
8908ADE6.jpg,1523 1220 1657 1525
8908ADE6.jpg,1434 658 1575 977
8908ADE6.jpg,601 1155 739 1447
8908ADE6.jpg,675 734 812 1024
8908ADE6.jpg,1805 666 1936 946
8908ADE6.jpg,1587 741 1725 1080
8908ADE6.jpg,1173 1015 1300 1313
8908ADE6.jpg,1304 1149 1442 1466
70AA8F8F.jpg,535 677 681 787
70AA8F8F.jpg,1419 540 1566 650
97381955.jpg,1724 809 1860 1118
97381955.jpg,2070 1224 2210 1531
97381955.jpg,1521 745 1658 1051
97381955.jpg,949 454 1086 794
FE63E97C.jpg,2086 999 2217 1094
5FA747FC.jpg,1511 174 1650 454
5FA747FC.jpg,472 525 604 803
EB689292.jpg,162 815 293 926
D9019714.jpg,752 1232 898 1360
D9019714.jpg,247 531 381 825
D9019714.jpg,1058 1094 1212 1219
D9019714.jpg,326 738 454 1034
D9019714.jpg,1728 540 1852 807
D9019714.jpg,1016 1167 1144 1465
70E1C6C1.jpg,1284 925 1420 1039
70E1C6C1.jpg,1005 1131 1140 1255
70E1C6C1.jpg,1941 788 2088 900
70E1C6C1.jpg,1036 850 1177 972
70E1C6C1.jpg,928 1519 1074 1645
70E1C6C1.jpg,1417 1274 1563 1396
70E1C6C1.jpg,1352 1172 1481 1287
70E1C6C1.jpg,1812 783 1943 904
70E1C6C1.jpg,1318 532 1461 645
70E1C6C1.jpg,1174 534 1325 658
70E1C6C1.jpg,1923 675 2051 794
70E1C6C1.jpg,1430 1065 1562 1185
70E1C6C1.jpg,1599 1200 1728 1318
70E1C6C1.jpg,1776 573 1916 698
70E1C6C1.jpg,1486 360 1623 480
70E1C6C1.jpg,1570 818 1692 923
70E1C6C1.jpg,796 1340 930 1465
70E1C6C1.jpg,1562 1058 1699 1186
70E1C6C1.jpg,1451 478 1596 587
70E1C6C1.jpg,1771 890 1907 1010
70E1C6C1.jpg,1566 923 1710 1032
06A3E8E3.jpg,1578 861 1723 1204
06A3E8E3.jpg,1516 1095 1652 1397
06A3E8E3.jpg,1360 1427 1510 1767
06A3E8E3.jpg,1797 740 1930 1051
06A3E8E3.jpg,1226 1634 1360 1979
06A3E8E3.jpg,1796 1370 1930 1674
06A3E8E3.jpg,1521 1307 1654 1606
06A3E8E3.jpg,325 884 452 1164
06A3E8E3.jpg,1090 444 1232 779
06A3E8E3.jpg,1380 752 1512 1057
11BE6548.jpg,752 1087 885 1379
11BE6548.jpg,961 519 1089 827
11BE6548.jpg,596 1295 733 1600
11BE6548.jpg,889 950 1015 1229
11BE6548.jpg,1304 1434 1435 1722
11BE6548.jpg,830 375 952 679
11BE6548.jpg,1092 670 1217 955
11BE6548.jpg,1099 1168 1235 1454
11BE6548.jpg,539 1097 670 1379
ED81676A.jpg,257 1234 394 1541
ED81676A.jpg,1519 739 1656 1019
6F07463B.jpg,1493 852 1626 960
6F07463B.jpg,1206 572 1340 676
6F07463B.jpg,1595 788 1726 894
C90653FC.jpg,1351 858 1497 960
C90653FC.jpg,1667 862 1804 975
FBCB99FF.jpg,956 1432 1088 1735
E9E9D064.jpg,1320 891 1446 996
E9E9D064.jpg,688 1176 823 1287
E9E9D064.jpg,652 1279 779 1390
E9E9D064.jpg,1527 818 1653 926
E9E9D064.jpg,931 536 1076 657
E9E9D064.jpg,1044 613 1172 728
E9E9D064.jpg,480 1168 613 1290
E9E9D064.jpg,1009 1449 1131 1554
E9E9D064.jpg,686 1452 818 1566
E9E9D064.jpg,816 887 964 1008
E9E9D064.jpg,476 1030 606 1139
E9E9D064.jpg,998 399 1135 520
E9E9D064.jpg,2165 1309 2297 1413
E9E9D064.jpg,1565 671 1701 779
E9E9D064.jpg,478 918 607 1028
1890FB3D.jpg,947 630 1092 746
1890FB3D.jpg,1227 943 1354 1062
1890FB3D.jpg,277 1468 427 1586
3BECC083.jpg,249 743 382 1045
AA5FFE47.jpg,1392 783 1519 891
AA5FFE47.jpg,1073 1099 1210 1206
AA5FFE47.jpg,2097 891 2226 998
AA5FFE47.jpg,1983 959 2117 1065
AA5FFE47.jpg,433 815 573 930
AA5FFE47.jpg,1483 886 1627 996
AA5FFE47.jpg,1255 682 1386 790
AA5FFE47.jpg,2330 1029 2473 1136
AA5FFE47.jpg,324 574 474 691
AA5FFE47.jpg,2014 1068 2152 1164
AA5FFE47.jpg,1140 748 1283 862
AA5FFE47.jpg,1041 819 1173 925
D7F863CE.jpg,1513 667 1646 968
D7F863CE.jpg,2276 1240 2408 1521
13A81A52.jpg,820 591 950 899
13A81A52.jpg,1448 600 1581 898
13A81A52.jpg,956 734 1085 1036
0BF77F48.jpg,1431 752 1554 848
0BF77F48.jpg,1275 1033 1355 1137
0BF77F48.jpg,647 1140 777 1231
0BF77F48.jpg,1881 1041 2026 1142
23580890.jpg,1239 1412 1388 1538
23580890.jpg,1363 593 1501 886
23580890.jpg,1527 603 1648 881
23580890.jpg,926 1485 1077 1609
B0A30D52.jpg,686 1174 816 1280
B0A30D52.jpg,1315 889 1444 993
B0A30D52.jpg,930 534 1073 656
B0A30D52.jpg,1073 503 1215 621
B0A30D52.jpg,1041 612 1168 726
B0A30D52.jpg,582 960 717 1084
B0A30D52.jpg,680 1449 817 1567
B0A30D52.jpg,997 398 1130 518
B0A30D52.jpg,476 1165 612 1286
B0A30D52.jpg,648 1276 775 1386
B0A30D52.jpg,1282 329 1413 445
B0A30D52.jpg,816 886 957 1003
B0A30D52.jpg,1259 783 1382 896
B0A30D52.jpg,1175 886 1315 998
B0A30D52.jpg,1004 1448 1130 1550
B0A30D52.jpg,504 499 651 626
B0A30D52.jpg,297 852 447 977
E5CABB06.jpg,430 1025 587 1153
6A407636.jpg,1932 672 2063 950
6A407636.jpg,1369 745 1506 1038
C842BA2E.jpg,965 605 1100 721
C842BA2E.jpg,714 711 858 826
C842BA2E.jpg,1805 889 1939 986
4A07FDFE.jpg,899 1244 1030 1354
4A07FDFE.jpg,1393 1172 1523 1283
4A07FDFE.jpg,1064 1167 1204 1281
4A07FDFE.jpg,1247 894 1368 992
BEA9DFC8.jpg,1847 782 1982 886
BEA9DFC8.jpg,589 1035 707 1139
BEA9DFC8.jpg,1039 472 1171 585
BEA9DFC8.jpg,1709 1104 1842 1218
BEA9DFC8.jpg,778 992 927 1098
F664A206.jpg,2189 1479 2325 1588
F664A206.jpg,1627 1034 1768 1143
D3F0B6FB.jpg,2009 877 2141 1170
D3F0B6FB.jpg,1834 1482 1980 1602
BDE5B0B5.jpg,1846 819 1975 920
D93C8D86.jpg,1037 572 1175 688
D93C8D86.jpg,614 717 753 827
D93C8D86.jpg,1222 888 1345 1007
D93C8D86.jpg,1065 220 1198 332
2E66CA66.jpg,753 1136 895 1253
2E66CA66.jpg,829 1025 965 1142
2E66CA66.jpg,1147 678 1278 788
2E66CA66.jpg,539 1095 688 1218
2E66CA66.jpg,1104 565 1242 680
2E66CA66.jpg,679 1451 821 1562
2E66CA66.jpg,528 1371 664 1653
2E66CA66.jpg,711 633 869 757
2E66CA66.jpg,606 1505 733 1799
2E66CA66.jpg,1245 856 1387 966
5B705731.jpg,875 375 1020 693
5B705731.jpg,1434 871 1571 1181
5B705731.jpg,2066 446 2208 772
1267C51F.jpg,961 921 1107 1042
1267C51F.jpg,780 957 930 1077
1267C51F.jpg,687 1062 816 1168
331D73D6.jpg,545 1027 685 1142
331D73D6.jpg,472 1232 615 1354
5C7A952B.jpg,547 1274 683 1394
5C7A952B.jpg,1805 850 1954 976
5C7A952B.jpg,1310 884 1458 1012
5C7A952B.jpg,1319 1092 1456 1219
5C7A952B.jpg,2082 1270 2222 1386
5C7A952B.jpg,866 1056 1003 1173
5C7A952B.jpg,1070 1335 1210 1464
5C7A952B.jpg,1530 1101 1656 1220
5C7A952B.jpg,1980 1381 2117 1502
5C7A952B.jpg,1730 1274 1869 1394
5C7A952B.jpg,1244 990 1374 1105
5C7A952B.jpg,2050 920 2182 1037
5C7A952B.jpg,543 1163 684 1287
5C7A952B.jpg,1093 1198 1255 1328
5C7A952B.jpg,1636 1057 1770 1180
5C7A952B.jpg,438 1207 565 1325
5C7A952B.jpg,1100 746 1240 872
5C7A952B.jpg,1447 880 1596 996
5C7A952B.jpg,2020 1034 2160 1153
5C7A952B.jpg,868 924 1002 1049
5C7A952B.jpg,1243 1199 1375 1316
5C7A952B.jpg,939 1373 1070 1497
5C7A952B.jpg,889 805 1039 931
50C66359.jpg,1135 495 1282 605
50C66359.jpg,996 786 1133 897
50C66359.jpg,1224 577 1344 687
50C66359.jpg,2089 1418 2226 1527
EF70A7A5.jpg,1736 1201 1874 1323
EF70A7A5.jpg,966 921 1105 1041
EF70A7A5.jpg,1096 1482 1257 1603
EF70A7A5.jpg,1238 1450 1380 1567
EF70A7A5.jpg,1113 958 1243 1071
EF70A7A5.jpg,1384 1097 1517 1211
EF70A7A5.jpg,1140 1382 1275 1491
EF70A7A5.jpg,1382 851 1529 967
EF70A7A5.jpg,1102 708 1242 825
EF70A7A5.jpg,1840 1409 1985 1526
EF70A7A5.jpg,866 1139 995 1244
B3D2E1BB.jpg,2013 1238 2147 1342
B3D2E1BB.jpg,1452 1100 1582 1204
B3D2E1BB.jpg,1353 1317 1483 1425
AB9CBF66.jpg,1562 779 1702 894
AB9CBF66.jpg,1872 712 2010 828
AB9CBF66.jpg,1950 1132 2090 1251
AB9CBF66.jpg,1627 429 1766 545
AB9CBF66.jpg,442 1245 574 1361
AB9CBF66.jpg,1102 615 1243 728
AB9CBF66.jpg,1010 1104 1123 1209
194FC0D7.jpg,1299 813 1432 1112
5EB3B701.jpg,1597 822 1726 927
5EB3B701.jpg,968 1693 1106 1813
B4C6DCDC.jpg,1458 639 1597 760
B4C6DCDC.jpg,1525 891 1666 1009
B4C6DCDC.jpg,1103 1032 1249 1151
B4C6DCDC.jpg,1527 1201 1663 1322
B4C6DCDC.jpg,819 1270 957 1393
B4C6DCDC.jpg,1318 1514 1455 1634
B4C6DCDC.jpg,1238 1052 1389 1177
B4C6DCDC.jpg,1239 571 1393 688
B4C6DCDC.jpg,1780 746 1916 870
B4C6DCDC.jpg,690 1279 826 1393
B4C6DCDC.jpg,893 1129 1027 1254
B4C6DCDC.jpg,870 1727 993 1842
B4C6DCDC.jpg,939 1587 1072 1713
B4C6DCDC.jpg,621 1350 748 1461
B4C6DCDC.jpg,826 983 971 1112
B4C6DCDC.jpg,539 1267 680 1393
B4C6DCDC.jpg,1101 633 1254 761
B4C6DCDC.jpg,1136 1417 1264 1532
B4C6DCDC.jpg,1661 1135 1810 1259
B4C6DCDC.jpg,1319 1278 1451 1398
B4C6DCDC.jpg,1273 1170 1408 1289
B4C6DCDC.jpg,320 1378 460 1665
4CD1C9A6.jpg,1238 1164 1369 1460
4CD1C9A6.jpg,1158 1365 1284 1672
4CD1C9A6.jpg,1710 882 1853 1175
8DD7C9E8.jpg,1976 788 2121 897
8DD7C9E8.jpg,2054 998 2199 1108
644FB97F.jpg,994 1629 1141 1741
644FB97F.jpg,1071 1166 1211 1277
644FB97F.jpg,1907 1241 2050 1342
644FB97F.jpg,652 923 794 1048
644FB97F.jpg,1451 530 1607 659
65C86AA5.jpg,1284 924 1419 1037
65C86AA5.jpg,1004 1130 1139 1254
65C86AA5.jpg,1942 787 2086 899
65C86AA5.jpg,1034 849 1176 971
65C86AA5.jpg,928 1517 1074 1644
65C86AA5.jpg,1351 1171 1481 1287
65C86AA5.jpg,1416 1273 1563 1396
65C86AA5.jpg,1429 1064 1562 1184
65C86AA5.jpg,1812 783 1943 903
65C86AA5.jpg,1172 533 1326 657
65C86AA5.jpg,1922 674 2050 790
65C86AA5.jpg,1316 532 1461 645
65C86AA5.jpg,1598 1198 1729 1316
65C86AA5.jpg,1565 921 1710 1034
65C86AA5.jpg,1450 478 1593 583
65C86AA5.jpg,1775 573 1914 697
65C86AA5.jpg,796 1339 930 1465
65C86AA5.jpg,1571 817 1693 921
65C86AA5.jpg,2088 789 2224 900
65C86AA5.jpg,1485 359 1621 479
65C86AA5.jpg,1772 888 1907 1009
D3C972DD.jpg,460 386 593 703
16D3DBEB.jpg,1454 1225 1583 1515
16D3DBEB.jpg,1308 881 1442 1170
D22FBFB2.jpg,1104 461 1250 584
D22FBFB2.jpg,1558 818 1697 940
D22FBFB2.jpg,2259 963 2404 1079
D22FBFB2.jpg,2090 1102 2218 1214
D22FBFB2.jpg,1804 397 1951 519
D22FBFB2.jpg,1982 1343 2112 1445
D22FBFB2.jpg,2261 856 2405 976
D22FBFB2.jpg,1876 998 2021 1117
D22FBFB2.jpg,2094 888 2221 994
D22FBFB2.jpg,1423 1730 1553 1831
D22FBFB2.jpg,1629 1061 1770 1175
D22FBFB2.jpg,1421 889 1558 1010
D22FBFB2.jpg,1324 990 1458 1105
D22FBFB2.jpg,1241 1347 1371 1444
D22FBFB2.jpg,1845 1273 1981 1380
D22FBFB2.jpg,1101 1346 1250 1467
D22FBFB2.jpg,1742 1106 1877 1221
D22FBFB2.jpg,1529 1491 1653 1594
5152B7A3.jpg,1311 818 1464 934
5152B7A3.jpg,1481 778 1634 903
5152B7A3.jpg,1806 1451 1946 1568
5152B7A3.jpg,2085 1097 2230 1224
5152B7A3.jpg,1030 395 1178 521
5152B7A3.jpg,1521 1478 1671 1600
5152B7A3.jpg,1247 1554 1392 1676
5152B7A3.jpg,1181 1344 1317 1453
5152B7A3.jpg,1488 1270 1634 1393
5152B7A3.jpg,2040 808 2199 940
5152B7A3.jpg,1355 1199 1497 1327
5152B7A3.jpg,1097 606 1254 732
8A725D08.jpg,1242 1134 1382 1256
8A725D08.jpg,1878 713 2009 829
8A725D08.jpg,1072 572 1211 694
8A725D08.jpg,1910 1066 2039 1182
8A725D08.jpg,1984 774 2124 897
8A725D08.jpg,261 820 396 939
8A725D08.jpg,740 1233 870 1516
8A725D08.jpg,1601 924 1736 1048
8A725D08.jpg,938 503 1066 623
8A725D08.jpg,1771 674 1898 791
8A725D08.jpg,608 849 748 962
1C318FBA.jpg,1097 591 1237 932
1C318FBA.jpg,2146 168 2280 479
1C318FBA.jpg,2082 594 2219 889
1C318FBA.jpg,1657 453 1803 735
911068DB.jpg,1034 990 1177 1116
911068DB.jpg,689 1132 826 1255
911068DB.jpg,932 1095 1072 1213
911068DB.jpg,2162 1457 2300 1550
B710C1A6.jpg,669 804 805 1111
B710C1A6.jpg,743 1021 878 1300
B710C1A6.jpg,946 310 1083 609
5C85A08C.jpg,1600 928 1721 1025
